{
    "lists":[
        {
            "name":"测试1",
            "date":"2022.11.3",
            "time":"20:10:03",
            "label":"label1",
            "list":"任务箱",
            "id": "001",
            "context": [
                {
                    "name": "内容1",
                    "id": "001"
                },
                {
                    "name": "内容2",
                    "id": "002"
                }
            ]
        },
        {
            "name":"测试2",
            "date":"2022.11.3",
            "time":"20:10:03",
            "label":"label1",
            "list":"任务箱",
            "id": "002"
        },
        {
            "name":"测试3",
            "date":"2022.11.3",
            "time":"20:10:03",
            "label":"label2",
            "list":"清单3",
            "id": "003"
        },
        {
            "name":"测试4",
            "date":"2022.11.3",
            "time":"20:10:03",
            "label":"label2",
            "list":"清单4",
            "id": "004"
        }
    ],
    "label": [
        {
            "name": "标签1",
            "id": "001"
        },{
            "name": "标签2",
            "id": "002"
        },{
            "name": "标签3",
            "id": "003"
        },{
            "name": "标签4",
            "id": "004"
        },{
            "name": "标签5",
            "id": "005"
        }

    ]
}
